dev,seq,hint,threads,time,workGB,tlb,readGB,CPUwork
./test_file,1,0,20,1.00041,18.4305,94811964162945,5.17993,4743
./test_file,1,0,20,2.00082,2.69226,18446649261745388670,5.38503,4735
./test_file,1,0,20,3.00125,2.77527,0,5.55017,4756
./test_file,1,0,20,4.00165,2.84387,0,5.68799,4758
./test_file,1,0,20,5.00218,1.88524,36,3.77576,4666
./test_file,1,0,20,6.00258,1.13189,57452,2.25861,4458
./test_file,1,0,20,7.00298,2.77316,155524,5.54797,4685
./test_file,1,0,20,8.00338,2.86462,151936,5.72991,4682
./test_file,1,0,20,9.0038,2.64856,134335,5.29736,4702
./test_file,1,0,20,10.0042,2.79663,144713,5.59314,4651
./test_file,1,0,20,11.0046,2.19458,171179,4.39108,4631
./test_file,1,0,20,12.0051,2.65637,144940,5.31787,4675
./test_file,1,0,20,13.0055,2.59375,140496,5.1875,4651
./test_file,1,0,20,14.0059,2.63623,136863,5.27258,4664
./test_file,1,0,20,15.0064,2.62732,135498,5.25488,4679
./test_file,1,0,20,16.0069,2.17541,205410,4.35533,4591
./test_file,1,0,20,17.0073,2.59705,189169,5.20032,4535
./test_file,1,0,20,18.0078,2.71631,143970,5.47356,4645
./test_file,1,0,20,19.0082,2.72998,148477,5.47363,4670
./test_file,1,0,20,20.0086,2.65515,136716,5.31047,4646
./test_file,1,0,20,21.009,2.65259,173248,5.30518,4633
./test_file,1,0,20,22.0094,2.17204,247865,4.3438,4640
./test_file,1,0,20,23.0099,2.67793,163353,5.35683,4689
./test_file,1,0,20,24.0103,2.6792,148153,5.3584,4686
./test_file,1,0,20,25.0107,2.71642,144646,5.43328,4646
./test_file,1,0,20,26.0111,2.64552,135658,5.29114,4683
./test_file,1,0,20,27.0116,2.75989,195118,5.52078,4636
./test_file,1,0,20,28.012,2.1073,349002,4.21891,4653
./test_file,1,0,20,29.0124,2.57434,237837,5.17049,4662
./test_file,1,0,20,30.0128,2.57715,164275,5.15442,4682
./test_file,1,0,20,31.0132,2.62854,133721,5.25684,4697
./test_file,1,0,20,32.0136,2.63904,123206,5.27808,4693
./test_file,1,0,20,33.0142,2.52203,145935,5.04956,4652
./test_file,1,0,20,34.0146,2.21283,319794,4.42065,4688
./test_file,1,0,20,35.0151,15.4145,263888,4.80469,4680
./test_file,1,0,20,36.0155,2.68431,192793,5.36965,4694
./test_file,1,0,20,37.0159,2.67744,144706,5.35474,4712
./test_file,1,0,20,38.0164,2.9176,162987,5.83521,4688
./test_file,1,0,20,39.0169,2.71533,251767,5.43396,4604
./test_file,1,0,20,40.0173,2.30151,346913,4.59741,4624
./test_file,1,0,20,41.0178,2.75554,203716,5.51187,4628
./test_file,1,0,20,42.0182,2.79073,165825,5.58788,4629
./test_file,1,0,20,43.0186,2.66089,145120,5.32203,4686
./test_file,1,0,20,44.0191,2.91675,191272,5.83186,4615
./test_file,1,0,20,45.0196,2.45008,256008,4.90807,4564
./test_file,1,0,20,46.0201,2.47998,184032,4.95738,4617
./test_file,1,0,20,47.0205,2.61768,184410,5.23511,4625
./test_file,1,0,20,48.0209,2.60583,148203,5.21228,4688
./test_file,1,0,20,49.0213,2.5769,135426,5.1542,4684
./test_file,1,0,20,50.0217,2.73218,177007,5.46241,4659
./test_file,1,0,20,51.0222,2.29794,281073,4.59601,4590
./test_file,1,0,20,52.0226,2.79777,213993,5.59566,4651
./test_file,1,0,20,53.023,2.64575,175242,5.292,4573
./test_file,1,0,20,54.0234,2.6947,151204,5.38905,4686
./test_file,1,0,20,55.0238,2.6886,146611,5.37598,4671
./test_file,1,0,20,56.0242,2.7489,178590,5.50103,4642
./test_file,1,0,20,57.0246,2.24347,262980,4.48694,4648
./test_file,1,0,20,58.025,2.70294,205630,5.4072,4619
./test_file,1,0,20,59.0255,2.62964,167665,5.25928,4646
./test_file,1,0,20,60.0259,2.65039,146683,5.30066,4656
./test_file,1,0,20,61.0263,2.7207,148832,5.44104,4619
./test_file,1,0,20,62.0267,2.60876,169237,5.21777,4586
./test_file,1,0,20,63.0272,2.23141,295060,4.46396,4511
./test_file,1,0,20,64.0276,2.61588,183847,5.23211,4675
./test_file,1,0,20,65.028,2.61609,167633,5.23206,4609
./test_file,1,0,20,66.0284,2.58234,159537,5.16516,4632
./test_file,1,0,20,67.0288,2.59784,135961,5.19551,4664
./test_file,1,0,20,68.0293,15.491,239956,5.35724,4634
./test_file,1,0,20,69.0297,2.3322,318694,4.66503,4635
./test_file,1,0,20,70.0302,2.62239,191934,5.24491,4603
./test_file,1,0,20,71.0306,2.8728,191882,5.74536,4576
./test_file,1,0,20,72.031,2.80457,166302,5.60864,4567
./test_file,1,0,20,73.0315,2.71021,145164,5.41858,4640
./test_file,1,0,20,74.0321,2.8031,216945,5.60596,4575
./test_file,1,0,20,75.0327,2.49756,409741,4.99524,4567
./test_file,1,0,20,76.0331,2.62695,186207,5.25452,4657
./test_file,1,0,20,77.0335,2.80261,187539,5.60242,4649
./test_file,1,0,20,78.0342,2.92139,167063,5.84253,4628
./test_file,1,0,20,79.0346,2.66497,141666,5.33067,4658
./test_file,1,0,20,80.0351,2.68988,209779,5.37939,4656
./test_file,1,0,20,81.0355,2.30054,270718,4.60107,4612
./test_file,1,0,20,82.0359,2.57202,177627,5.14453,4549
./test_file,1,0,20,83.0363,2.7098,177262,5.41724,4561
./test_file,1,0,20,84.0367,2.70622,149230,5.4126,4603
./test_file,1,0,20,85.0371,2.82732,160360,5.65459,4591
./test_file,1,0,20,86.0377,2.61787,238322,5.23722,4570
./test_file,1,0,20,87.0381,2.34383,335856,4.68793,4525
./test_file,1,0,20,88.0385,2.64104,180640,5.29635,4564
./test_file,1,0,20,89.039,2.81226,179162,5.62317,4655
./test_file,1,0,20,90.0394,2.65381,147724,5.30811,4640
./test_file,1,0,20,91.0398,2.7471,151746,5.49426,4604
./test_file,1,0,20,92.0403,2.64401,213356,5.28796,4535
./test_file,1,0,20,93.0407,2.36084,285405,4.72145,4532
./test_file,1,0,20,94.0412,2.75403,18446744073702649181,5.50892,4645
./test_file,1,0,20,95.0416,2.63554,171502,5.27087,4642
./test_file,1,0,20,96.042,2.62593,146188,5.2522,4646
./test_file,1,0,20,97.0424,2.60388,143290,5.2113,4596
./test_file,1,0,20,98.0428,2.59412,189650,5.18835,4653
./test_file,1,0,20,99.0433,2.33815,275771,4.67631,4595
./test_file,1,0,20,100.044,2.60301,183882,5.20646,4649
./test_file,1,0,20,101.044,14.7826,192676,5.26788,4611
./test_file,1,0,20,102.045,2.78736,170692,5.468,4616
./test_file,1,0,20,103.045,2.65613,144617,5.31214,4687
./test_file,1,0,20,104.045,2.85583,192675,5.71213,4655
./test_file,1,0,20,105.046,2.67698,287207,5.35368,4607
./test_file,1,0,20,106.046,2.64736,268441,5.29276,4602
./test_file,1,0,20,107.047,2.77856,185606,5.55737,4589
./test_file,1,0,20,108.047,2.86816,195069,5.73621,4611
./test_file,1,0,20,109.048,2.64087,143587,5.28206,4646
./test_file,1,0,20,110.048,2.79894,190677,5.5965,4643
./test_file,1,0,20,111.049,2.92335,283809,5.8468,4583
./test_file,1,0,20,112.049,2.44592,301635,4.89209,4618
./test_file,1,0,20,113.049,2.62158,175176,5.24304,4647
./test_file,1,0,20,114.05,2.651,173628,5.302,4681
./test_file,1,0,20,115.05,2.59692,146134,5.19385,4667
./test_file,1,0,20,116.051,2.69641,153941,5.39201,4647
./test_file,1,0,20,117.051,2.72046,233666,5.44116,4615
./test_file,1,0,20,118.052,2.61464,312397,5.22987,4589
./test_file,1,0,20,119.052,2.64586,188521,5.2916,4624
./test_file,1,0,20,120.053,2.6427,176140,5.28552,4608
./test_file,1,0,20,121.053,2.6427,165976,5.28357,4669
./test_file,1,0,20,122.054,2.76868,150614,5.53796,4659
./test_file,1,0,20,123.054,2.63232,152639,5.26578,4639
./test_file,1,0,20,124.055,2.62116,248630,5.24186,4630
./test_file,1,0,20,125.055,2.62103,216157,5.24255,4578
./test_file,1,0,20,126.055,2.6283,174314,5.25648,4618
./test_file,1,0,20,127.056,2.76506,188687,5.5302,4654
./test_file,1,0,20,128.056,2.64104,146798,5.28247,4681
./test_file,1,0,20,129.057,2.59353,169219,5.18701,4588
./test_file,1,0,20,130.057,2.64929,213537,5.29871,4629
./test_file,1,0,20,131.058,2.46518,245913,4.92986,4616
./test_file,1,0,20,132.058,2.61997,186196,5.24018,4623
./test_file,1,0,20,133.058,2.61078,170721,5.22157,4635
./test_file,1,0,20,134.059,13.553,180864,5.31628,4632
./test_file,1,0,20,135.059,3.3775,158514,5.47477,4608
./test_file,1,0,20,136.06,2.64673,162231,5.29358,4626
./test_file,1,0,20,137.06,2.56103,313467,5.12194,4601
./test_file,1,0,20,138.061,2.75432,173376,5.50855,4640
./test_file,1,0,20,139.061,2.70967,150901,5.41734,4626
./test_file,1,0,20,140.062,2.77466,162668,5.54907,4634
./test_file,1,0,20,141.062,2.89868,148832,5.79736,4616
./test_file,1,0,20,142.063,2.66345,149134,5.32727,4629
./test_file,1,0,20,143.064,2.73016,207012,5.45801,4553
./test_file,1,0,20,144.064,2.61615,287108,5.23254,4525
./test_file,1,0,20,145.064,2.65015,150546,5.30058,4645
./test_file,1,0,20,146.065,2.58374,149338,5.16736,4651
./test_file,1,0,20,147.065,2.6676,133866,5.33545,4665
./test_file,1,0,20,148.066,2.60242,136650,5.20656,4616
./test_file,1,0,20,149.066,2.66724,200682,5.33191,4617
./test_file,1,0,20,150.067,2.56789,244529,5.13581,4594
./test_file,1,0,20,151.067,2.83067,177385,5.66131,4568
./test_file,1,0,20,152.067,2.73645,169010,5.47302,4633
./test_file,1,0,20,153.068,2.60046,146473,5.20082,4651
./test_file,1,0,20,154.068,2.61426,130059,5.22864,4625
./test_file,1,0,20,155.069,2.7948,180056,5.58801,4554
./test_file,1,0,20,156.069,2.47453,267723,4.95352,4529
./test_file,1,0,20,157.07,2.68324,226049,5.3637,4556
./test_file,1,0,20,158.07,2.65729,192503,5.31519,4670
./test_file,1,0,20,159.071,2.60632,170143,5.21228,4616
./test_file,1,0,20,160.071,2.77905,161098,5.55798,4675
./test_file,1,0,20,161.072,2.61841,172401,5.2373,4602
./test_file,1,0,20,162.072,2.60193,206432,5.20374,4553
./test_file,1,0,20,163.073,2.4812,280283,4.96217,4631
./test_file,1,0,20,164.073,2.62463,172061,5.25198,4641
./test_file,1,0,20,165.073,2.61284,172490,5.22663,4648
./test_file,1,0,20,166.074,2.60835,165425,5.21626,4671
./test_file,1,0,20,167.075,6.59013,161844,5.34355,4629
./test_file,1,0,20,168.075,9.93374,195495,5.42665,4638
./test_file,1,0,20,169.076,2.70538,265206,5.41121,4589
./test_file,1,0,20,170.076,2.54785,328393,5.0957,4586
./test_file,1,0,20,171.077,2.94495,209728,5.89001,4592
./test_file,1,0,20,172.078,2.74634,187761,5.49108,4650
./test_file,1,0,20,173.078,2.74622,168905,5.49255,4659
./test_file,1,0,20,174.078,2.84705,191652,5.6936,4546
./test_file,1,0,20,175.079,2.70605,215570,5.4126,4644
./test_file,1,0,20,176.079,2.56688,320665,5.13502,4598
./test_file,1,0,20,177.08,2.9922,233974,5.98215,4557
./test_file,1,0,20,178.08,2.67542,178315,5.35107,4628
./test_file,1,0,20,179.081,2.61906,171487,5.23805,4682
./test_file,1,0,20,180.081,2.67794,158740,5.35583,4598
./test_file,1,0,20,181.082,2.62598,173144,5.25183,4604
./test_file,1,0,20,182.082,2.63477,218408,5.26721,4612
./test_file,1,0,20,183.082,2.62341,318328,5.24695,4594
./test_file,1,0,20,184.083,2.77686,210347,5.55396,4576
./test_file,1,0,20,185.083,2.76392,193516,5.52784,4572
./test_file,1,0,20,186.084,2.61829,166104,5.2367,4626
./test_file,1,0,20,187.084,2.6073,150711,5.21484,4589
./test_file,1,0,20,188.085,2.77405,201295,5.54675,4618
./test_file,1,0,20,189.085,2.66638,241231,5.33252,4525
./test_file,1,0,20,190.085,2.59607,306817,5.19214,4620
./test_file,1,0,20,191.086,2.69312,184546,5.38623,4636
./test_file,1,0,20,192.086,2.58362,177065,5.16748,4672
./test_file,1,0,20,193.087,2.75098,175262,5.50208,4658
./test_file,1,0,20,194.087,2.65649,159060,5.31238,4663
./test_file,1,0,20,195.088,2.5968,194190,5.19385,4623
./test_file,1,0,20,196.088,2.53206,292403,5.06413,4532
./test_file,1,0,20,197.089,2.61357,232137,5.22713,4632
./test_file,1,0,20,198.089,2.62897,176702,5.25793,4683
./test_file,1,0,20,199.09,2.5943,171944,5.18855,4682
./test_file,1,0,20,200.09,6.26782,171156,5.31645,4661
./test_file,1,0,20,201.09,9.56922,187405,5.36787,4656
./test_file,1,0,20,202.091,2.73889,216037,5.47891,4601
./test_file,1,0,20,203.091,2.58109,298418,5.16209,4553
./test_file,1,0,20,204.092,2.91146,226168,5.82265,4623
./test_file,1,0,20,205.092,2.79724,188724,5.59319,4608
./test_file,1,0,20,206.093,2.70874,184092,5.4165,4629
./test_file,1,0,20,207.093,2.81909,176224,5.63831,4626
./test_file,1,0,20,208.094,2.79944,195475,5.60213,4604
./test_file,1,0,20,209.094,2.65149,228000,5.30311,4570
./test_file,1,1,20,1.00045,0.82621,18446698880390199135,1.64948,4464
./test_file,1,1,20,2.0009,0.826267,18446649611944115326,1.65252,4435
./test_file,1,1,20,3.00133,0.818928,369,1.63789,4452
./test_file,1,1,20,4.00176,0.826263,12,1.65257,4444
./test_file,1,1,20,5.00218,0.835571,136,1.6711,4442
./test_file,1,1,20,6.00268,0.839241,8,1.67853,4445
./test_file,1,1,20,7.00316,0.826607,63,1.65319,4438
./test_file,1,1,20,8.00359,0.816631,0,1.6357,4456
./test_file,1,1,20,9.00404,0.817181,372,1.63436,4438
./test_file,1,1,20,10.0045,0.840382,0,1.68077,4427
./test_file,1,1,20,11.0049,0.833179,0,1.66661,4456
./test_file,1,1,20,12.0054,0.836353,0,1.6727,4450
./test_file,1,1,20,13.0058,0.86787,0,1.73573,4343
./test_file,1,1,20,14.0063,0.873886,0,1.74775,4344
./test_file,1,1,20,15.0068,0.868446,0,1.73688,4342
./test_file,1,1,20,16.0073,0.831203,0,1.66244,4412
./test_file,1,1,20,17.0077,0.829689,0,1.65937,4352
./test_file,1,1,20,18.0082,0.822269,4,1.64459,4389
./test_file,1,1,20,19.0086,0.8424,0,1.68479,4426
./test_file,1,1,20,20.009,0.849777,0,1.69957,4363
./test_file,1,1,20,21.0095,0.840839,0,1.68163,4426
./test_file,1,1,20,22.0099,0.853344,0,1.70673,4380
./test_file,1,1,20,23.0103,0.844219,0,1.68841,4471
./test_file,1,1,20,24.0108,0.842384,0,1.68473,4442
./test_file,1,1,20,25.0112,0.863323,0,1.72665,4352
./test_file,1,1,20,26.0117,0.859886,0,1.71981,4352
./test_file,1,1,20,27.0121,0.847427,0,1.69485,4341
./test_file,1,1,20,28.0126,0.821026,0,1.64206,4543
./test_file,1,1,20,29.013,0.814079,0,1.6281,4352
./test_file,1,1,20,30.0135,0.827835,0,1.65565,4351
./test_file,1,1,20,31.0139,0.816715,0,1.63342,4419
./test_file,1,1,20,32.0143,0.814102,0,1.6282,4327
./test_file,1,1,20,33.0148,0.82515,0,1.6503,4389
./test_file,1,1,20,34.0153,0.329292,10737,0.658554,3753
./test_file,1,1,20,35.0157,0.8283,52302,1.65663,4445
./test_file,1,1,20,36.0161,0.824276,51717,1.64867,4511
./test_file,1,1,20,37.0166,0.83226,56993,1.66455,4476
./test_file,1,1,20,38.017,0.819706,55118,1.63941,4385
./test_file,1,1,20,39.0174,0.822903,51472,1.64609,4392
./test_file,1,1,20,40.0179,0.829514,54601,1.65902,4440
./test_file,1,1,20,41.0183,0.829716,55092,1.65947,4435
./test_file,1,1,20,42.0187,0.834354,52030,1.66867,4434
./test_file,1,1,20,43.0192,0.831013,54905,1.66202,4453
./test_file,1,1,20,44.0196,0.838631,54923,1.67845,4434
./test_file,1,1,20,45.02,0.841488,53521,1.68297,4396
./test_file,1,1,20,46.0205,0.852627,51710,1.70531,4460
./test_file,1,1,20,47.0209,0.858307,64913,1.71663,4418
./test_file,1,1,20,48.0214,0.857758,81871,1.71547,4430
./test_file,1,1,20,49.0218,0.831913,113012,1.66388,4447
./test_file,1,1,20,50.0222,0.826645,50149,1.65329,4492
./test_file,1,1,20,51.0227,0.81982,50299,1.63962,4537
./test_file,1,1,20,52.0231,0.832275,112293,1.66653,4508
./test_file,1,1,20,53.0236,0.839863,105304,1.67973,4496
./test_file,1,1,20,54.024,0.845215,105297,1.69044,4484
./test_file,1,1,20,55.0245,0.859394,47894,1.71885,4500
./test_file,1,1,20,56.0249,0.864109,56466,1.72821,4509
./test_file,1,1,20,57.0253,0.86375,90512,1.7275,4494
./test_file,1,1,20,58.0257,0.836773,51443,1.67358,4485
./test_file,1,1,20,59.0262,0.822186,53975,1.6443,4436
./test_file,1,1,20,60.0267,0.823681,54086,1.68428,4434
./test_file,1,1,20,61.0272,0.853188,55850,1.70637,4446
./test_file,1,1,20,62.0276,0.853157,55580,1.70635,4450
./test_file,1,1,20,63.0281,0.862766,55604,1.72553,4439
./test_file,1,1,20,64.0286,0.859047,55937,1.71809,4434
./test_file,1,1,20,65.0291,0.85725,55533,1.7145,4435
./test_file,1,1,20,66.0295,0.863705,57949,1.72813,4437
./test_file,1,1,20,67.03,0.63913,87611,1.27842,4433
./test_file,1,1,20,68.0305,0.622887,104675,1.24631,4366
./test_file,1,1,20,69.0309,0.838833,56585,1.67767,4434
./test_file,1,1,20,70.0314,0.850712,94547,1.70143,4428
./test_file,1,1,20,71.0318,0.85112,57908,1.70225,4438
./test_file,1,1,20,72.0323,0.859119,79638,1.71825,4433
./test_file,1,1,20,73.0327,0.869278,81033,1.73857,4467
./test_file,1,1,20,74.0332,0.872677,97953,1.74534,4416
./test_file,1,1,20,75.0336,0.874786,59481,1.74958,4424
./test_file,1,1,20,76.034,0.852055,55952,1.70412,4432
./test_file,1,1,20,77.0345,0.846909,56104,1.69377,4426
./test_file,1,1,20,78.035,0.842598,55228,1.68522,4408
./test_file,1,1,20,79.0354,0.849899,55132,1.69984,4387
./test_file,1,1,20,80.0359,0.848389,55566,1.69677,4334
./test_file,1,1,20,81.0363,0.837757,55067,1.67548,4371
./test_file,1,1,20,82.0367,0.844818,90033,1.68966,4411
./test_file,1,1,20,83.0372,0.8312,109153,1.66237,4436
./test_file,1,1,20,84.0376,0.841969,54510,1.68398,4438
./test_file,1,1,20,85.0381,0.824493,54146,1.64899,4438
./test_file,1,1,20,86.0385,0.814854,54395,1.62969,4440
./test_file,1,1,20,87.0389,0.826145,54890,1.65229,4436
./test_file,1,1,20,88.0394,0.837368,55154,1.67471,4433
./test_file,1,1,20,89.0398,0.846638,55626,1.69331,4391
./test_file,1,1,20,90.0403,0.842896,56614,1.68576,4430
./test_file,1,1,20,91.0407,0.830334,55089,1.66071,4356
./test_file,1,1,20,92.0412,0.834702,49824,1.6694,4408
./test_file,1,1,20,93.0416,0.818302,80952,1.63663,4420
./test_file,1,1,20,94.042,0.813869,85582,1.62774,4362
./test_file,1,1,20,95.0425,0.813744,52342,1.62747,4438
./test_file,1,1,20,96.0429,0.828175,53200,1.65633,4437
./test_file,1,1,20,97.0433,0.839783,55288,1.67963,4433
./test_file,1,1,20,98.0438,0.841972,56302,1.68929,4439
./test_file,1,1,20,99.0442,0.850082,56535,1.70021,4417
./test_file,1,1,20,100.045,0.820503,72794,1.641,4356
./test_file,1,1,20,101.045,0.481728,200097,0.963444,4343
./test_file,1,1,20,102.046,0.840977,58173,1.68196,4388
./test_file,1,1,20,103.046,0.82901,54316,1.658,4485
./test_file,1,1,20,104.047,0.85957,59614,1.71912,4421
./test_file,1,1,20,105.047,0.854332,55241,1.70867,4426
./test_file,1,1,20,106.047,0.841953,55209,1.68392,4427
./test_file,1,1,20,107.048,0.859398,59265,1.72041,4387
./test_file,1,1,20,108.048,0.853073,55948,1.7062,4458
./test_file,1,1,20,109.049,0.841007,74569,1.682,4396
./test_file,1,1,20,110.049,0.822605,51146,1.64522,4393
./test_file,1,1,20,111.05,0.816902,53160,1.6338,4407
./test_file,1,1,20,112.05,0.825333,54187,1.65075,4426
./test_file,1,1,20,113.051,0.844177,54361,1.6883,4362
./test_file,1,1,20,114.051,0.84642,56669,1.69284,4370
./test_file,1,1,20,115.051,0.846703,56002,1.6935,4340
./test_file,1,1,20,116.052,0.821819,57424,1.64365,4425
./test_file,1,1,20,117.052,0.8097,119404,1.61942,4420
./test_file,1,1,20,118.053,0.817749,53623,1.63546,4497
./test_file,1,1,20,119.053,0.808006,51155,1.61605,4437
./test_file,1,1,20,120.054,0.81316,53041,1.6265,4435
./test_file,1,1,20,121.054,0.821808,56682,1.64362,4434
./test_file,1,1,20,122.054,0.816345,70862,1.63269,4425
./test_file,1,1,20,123.055,0.817471,54618,1.63497,4450
./test_file,1,1,20,124.055,0.823132,150670,1.64625,4412
./test_file,1,1,20,125.056,0.838005,54658,1.67602,4436
./test_file,1,1,20,126.056,0.83662,53892,1.67387,4437
./test_file,1,1,20,127.057,0.823185,55638,1.64636,4430
./test_file,1,1,20,128.057,0.82024,54391,1.64083,4463
./test_file,1,1,20,129.057,0.818874,54619,1.63776,4435
./test_file,1,1,20,130.058,0.827717,52964,1.65539,4405
./test_file,1,1,20,131.058,0.844334,56045,1.68865,4436
./test_file,1,1,20,132.059,0.840588,55342,1.68122,4436
./test_file,1,1,20,133.059,0.841,55968,1.68255,4464
./test_file,1,1,20,134.06,0.684353,157359,1.36981,4395
./test_file,1,1,20,135.06,0.729683,131529,1.45932,4344
./test_file,1,1,20,136.061,0.873894,63161,1.7478,4407
./test_file,1,1,20,137.061,0.834171,58917,1.66838,4420
./test_file,1,1,20,138.062,0.836235,57893,1.67247,4446
./test_file,1,1,20,139.062,0.815762,52466,1.63151,4432
./test_file,1,1,20,140.062,0.834499,55553,1.66896,4437
./test_file,1,1,20,141.063,0.84325,59341,1.68655,4435
./test_file,1,1,20,142.063,0.841839,56951,1.68369,4434
./test_file,1,1,20,143.064,0.834122,53708,1.66888,4433
./test_file,1,1,20,144.064,0.850185,60106,1.70037,4410
./test_file,1,1,20,145.065,0.845707,56948,1.6914,4427
./test_file,1,1,20,146.065,0.866829,57688,1.73371,4367
./test_file,1,1,20,147.066,0.861271,59732,1.7225,4426
./test_file,1,1,20,148.066,0.848705,55754,1.69743,4440
./test_file,1,1,20,149.066,0.818382,55254,1.63676,4436
./test_file,1,1,20,150.067,0.81496,55168,1.62991,4437
./test_file,1,1,20,151.067,0.821285,55626,1.6426,4441
./test_file,1,1,20,152.068,0.819996,54997,1.63994,4437
./test_file,1,1,20,153.068,0.824627,55379,1.64924,4461
./test_file,1,1,20,154.069,0.815617,54781,1.63124,4471
./test_file,1,1,20,155.069,0.828602,56088,1.65715,4341
./test_file,1,1,20,156.07,0.820171,56049,1.64438,4415
./test_file,1,1,20,157.07,0.827965,55562,1.6555,4399
./test_file,1,1,20,158.071,0.825024,56151,1.65027,4443
./test_file,1,1,20,159.071,0.830925,56118,1.6619,4435
./test_file,1,1,20,160.071,0.829895,56007,1.65987,4436
./test_file,1,1,20,161.072,0.822922,56091,1.64585,4461
./test_file,1,1,20,162.072,0.834694,55837,1.66935,4436
./test_file,1,1,20,163.073,0.832489,55456,1.66496,4463
./test_file,1,1,20,164.073,0.834488,55752,1.66978,4420
./test_file,1,1,20,165.074,0.840115,55996,1.68019,4373
./test_file,1,1,20,166.074,0.834244,55712,1.66846,4433
./test_file,1,1,20,167.075,0.74361,96940,1.48796,4380
./test_file,1,1,20,168.075,0.657284,159672,1.31447,4401
./test_file,1,1,20,169.076,0.860172,55892,1.72042,4423
./test_file,1,1,20,170.076,0.840504,59173,1.68108,4421
./test_file,1,1,20,171.077,0.824909,58821,1.64977,4398
./test_file,1,1,20,172.077,0.811375,51572,1.62278,4326
./test_file,1,1,20,173.078,0.821606,52753,1.6432,4385
./test_file,1,1,20,174.078,0.840118,56642,1.68039,4327
./test_file,1,1,20,175.078,0.839138,56917,1.67827,4324
./test_file,1,1,20,176.079,0.839722,56887,1.67945,4407
./test_file,1,1,20,177.079,0.858498,61269,1.7171,4395
./test_file,1,1,20,178.08,0.850117,56987,1.70024,4370
./test_file,1,1,20,179.081,0.850323,56658,1.70065,4440
./test_file,1,1,20,180.081,0.835098,55803,1.67034,4430
./test_file,1,1,20,181.082,0.825069,54901,1.65015,4394
./test_file,1,1,20,182.082,0.847786,56358,1.69555,4429
./test_file,1,1,20,183.083,0.858536,59696,1.71731,4444
./test_file,1,1,20,184.083,0.853153,59726,1.70637,4414
./test_file,1,1,20,185.084,0.857224,56392,1.7145,4412
./test_file,1,1,20,186.084,0.854744,59761,1.70998,4362
./test_file,1,1,20,187.085,0.856895,57341,1.71382,4362
./test_file,1,1,20,188.085,0.833488,56026,1.6687,4380
./test_file,1,1,20,189.086,0.83791,55757,1.67579,4436
./test_file,1,1,20,190.086,0.845009,59826,1.69006,4404
./test_file,1,1,20,191.087,0.863346,60924,1.72668,4340
./test_file,1,1,20,192.087,0.863956,57738,1.7279,4324
./test_file,1,1,20,193.088,0.863998,61278,1.72802,4390
./test_file,1,1,20,194.088,0.874271,63120,1.74849,4408
./test_file,1,1,20,195.088,0.868778,58055,1.73758,4424
./test_file,1,1,20,196.089,0.86245,57805,1.72487,4438
./test_file,1,1,20,197.089,0.837543,55202,1.67511,4439
./test_file,1,1,20,198.09,0.835201,54975,1.6704,4482
./test_file,1,1,20,199.09,0.833832,55449,1.66767,4399
./test_file,1,1,20,200.091,0.726513,108743,1.45303,4373
./test_file,1,1,20,201.091,0.676521,148008,1.35494,4296
./test_file,1,1,20,202.092,0.859444,53656,1.71894,4407
./test_file,1,1,20,203.092,0.851391,53959,1.70275,4399
./test_file,1,1,20,204.092,0.838528,52446,1.67704,4402
./test_file,1,1,20,205.093,0.844627,53066,1.68929,4322
./test_file,1,1,20,206.093,0.816086,49762,1.63219,4422
./test_file,1,1,20,207.094,0.814785,48780,1.62956,4425
./test_file,1,1,20,208.094,0.810192,48916,1.62033,4406
./test_file,1,1,20,209.095,0.831921,49467,1.66384,4437
./test_file,1,2,20,1.00046,2.59412,94856619066241,5.17883,4682
./test_file,1,2,20,2.00085,2.5802,18446649217090485374,5.1604,4658
./test_file,1,2,20,3.0013,2.71875,0,5.4375,4729
./test_file,1,2,20,4.00174,2.6377,0,5.27521,4718
./test_file,1,2,20,5.00214,2.64807,0,5.29614,4697
./test_file,1,2,20,6.00253,2.74658,0,5.49316,4669
./test_file,1,2,20,7.00293,2.72095,0,5.44177,4618
./test_file,1,2,20,8.00332,2.63245,0,5.26514,4590
./test_file,1,2,20,9.00375,2.79456,0,5.58923,4609
./test_file,1,2,20,10.0042,2.81702,0,5.63391,4611
./test_file,1,2,20,11.0045,2.69507,92763,5.39014,4605
./test_file,1,2,20,12.005,2.76526,146243,5.53015,4653
./test_file,1,2,20,13.0055,2.88965,154785,5.77979,4607
./test_file,1,2,20,14.0059,2.60669,132931,5.21326,4608
./test_file,1,2,20,15.0064,2.77979,146726,5.55933,4585
./test_file,1,2,20,16.0068,2.92688,158048,5.85376,4590
./test_file,1,2,20,17.0072,2.60571,135725,5.21167,4547
./test_file,1,2,20,18.0076,2.60144,135888,5.20509,4575
./test_file,1,2,20,19.008,2.56433,129883,5.12891,4616
./test_file,1,2,20,20.0085,2.60988,133590,5.21961,4587
./test_file,1,2,20,21.0089,2.67943,142346,5.35889,4567
./test_file,1,2,20,22.0094,2.67578,140485,5.35178,4643
./test_file,1,2,20,23.0098,2.8219,150479,5.64368,4626
./test_file,1,2,20,24.0105,2.63538,134441,5.27069,4629
./test_file,1,2,20,25.0111,2.57874,131491,5.15759,4646
./test_file,1,2,20,26.0115,2.63196,138260,5.26404,4628
./test_file,1,2,20,27.0122,2.77209,147809,5.54382,4588
./test_file,1,2,20,28.0126,2.58911,133968,5.17847,4635
./test_file,1,2,20,29.013,2.70105,143745,5.40222,4621
./test_file,1,2,20,30.0135,2.62134,136554,5.24243,4615
./test_file,1,2,20,31.0139,2.62244,140647,5.24513,4594
./test_file,1,2,20,32.0143,2.74487,146199,5.4895,4572
./test_file,1,2,20,33.0147,2.59497,137323,5.19043,4605
./test_file,1,2,20,34.0151,2.54932,130662,5.09888,4695
./test_file,1,2,20,35.0155,2.54138,132447,5.08252,4688
./test_file,1,2,20,36.0159,2.56152,133850,5.12329,4698
./test_file,1,2,20,37.0163,2.5636,133758,5.12671,4649
./test_file,1,2,20,38.0168,2.54749,137709,5.09525,4592
./test_file,1,2,20,39.0172,2.58289,150984,5.16578,4556
./test_file,1,2,20,40.0176,2.67671,153081,5.35303,4574
./test_file,1,2,20,41.018,2.72026,146968,5.44112,4537
./test_file,1,2,20,42.0184,2.61768,143555,5.23523,4583
./test_file,1,2,20,43.0188,2.71608,144750,5.43201,4679
./test_file,1,2,20,44.0192,2.71002,148974,5.42029,4679
./test_file,1,2,20,45.0196,2.70451,145573,5.40894,4657
./test_file,1,2,20,46.02,2.63257,143556,5.26514,4613
./test_file,1,2,20,47.0204,2.94189,163416,5.88342,4578
./test_file,1,2,20,48.0209,2.71521,145394,5.43121,4612
./test_file,1,2,20,49.0213,2.72998,146729,5.45984,4616
./test_file,1,2,20,50.0217,2.86792,156147,5.73547,4586
./test_file,1,2,20,51.0222,2.73329,147429,5.46692,4623
./test_file,1,2,20,52.0226,2.66669,145350,5.33314,4601
./test_file,1,2,20,53.023,3.00005,170154,6.00037,4595
./test_file,1,2,20,54.0234,2.63391,141251,5.26794,4608
./test_file,1,2,20,55.0239,2.57104,138822,5.14221,4566
./test_file,1,2,20,56.0243,2.59131,135658,5.1825,4671
./test_file,1,2,20,57.0247,2.57996,137724,5.15991,4558
./test_file,1,2,20,58.0251,2.59534,139137,5.19055,4563
./test_file,1,2,20,59.0256,2.69788,145474,5.39587,4589
./test_file,1,2,20,60.026,2.77869,153488,5.55737,4620
./test_file,1,2,20,61.0265,2.77319,151251,5.54616,4598
./test_file,1,2,20,62.0269,2.6272,145720,5.25464,4531
./test_file,1,2,20,63.0273,2.65247,140908,5.30481,4599
./test_file,1,2,20,64.0277,2.73657,148717,5.47302,4599
./test_file,1,2,20,65.0281,2.64331,142708,5.28769,4608
./test_file,1,2,20,66.0285,2.6582,142811,5.31641,4646
./test_file,1,2,20,67.0289,2.63721,142349,5.27429,4592
./test_file,1,2,20,68.0294,2.56018,139508,5.12251,4514
./test_file,1,2,20,69.0298,2.74695,150437,5.49377,4519
./test_file,1,2,20,70.0302,2.6416,143286,5.28296,4557
./test_file,1,2,20,71.0306,2.58972,140866,5.18018,4564
./test_file,1,2,20,72.0311,2.56641,137495,5.1322,4638
./test_file,1,2,20,73.0315,2.58118,139220,5.16248,4611
./test_file,1,2,20,74.0319,2.60339,138314,5.20679,4614
./test_file,1,2,20,75.0323,2.55591,136419,5.11206,4519
./test_file,1,2,20,76.0328,2.59094,137199,5.18152,4592
./test_file,1,2,20,77.0332,2.62341,142409,5.24695,4477
./test_file,1,2,20,78.0336,2.76233,152403,5.52454,4544
./test_file,1,2,20,79.034,2.62732,140666,5.25488,4517
./test_file,1,2,20,80.0345,2.69836,147414,5.3965,4474
./test_file,1,2,20,81.0349,2.7749,151021,5.54993,4533
./test_file,1,2,20,82.0354,2.73572,150664,5.47131,4427
./test_file,1,2,20,83.0358,2.64233,146993,5.28455,4495
./test_file,1,2,20,84.0363,2.87878,160656,5.75799,4471
./test_file,1,2,20,85.0367,2.76355,157872,5.52736,4555
./test_file,1,2,20,86.0372,2.68091,143100,5.36194,4570
./test_file,1,2,20,87.0376,2.83484,161338,5.66907,4598
./test_file,1,2,20,88.0381,2.84863,158457,5.69775,4572
./test_file,1,2,20,89.0385,2.62463,142049,5.24928,4598
./test_file,1,2,20,90.0389,2.83289,158763,5.66565,4571
./test_file,1,2,20,91.0394,2.85229,162186,5.70447,4544
./test_file,1,2,20,92.0398,2.58728,140008,5.1747,4578
./test_file,1,2,20,93.0402,2.62305,145053,5.24599,4551
./test_file,1,2,20,94.0406,2.59302,140861,5.1864,4592
./test_file,1,2,20,95.0411,2.61389,139195,5.22742,4620
./test_file,1,2,20,96.0415,2.68884,147559,5.37793,4593
./test_file,1,2,20,97.042,2.70959,147733,5.41895,4599
./test_file,1,2,20,98.0424,2.81079,159175,5.6217,4583
./test_file,1,2,20,99.0428,2.62312,138667,5.24622,4617
./test_file,1,2,20,100.043,2.63091,143232,5.2629,4591
./test_file,1,2,20,101.044,2.72925,151922,5.45845,4587
./test_file,1,2,20,102.044,2.72156,147190,5.44336,4574
./test_file,1,2,20,103.045,2.62573,146628,5.25188,4537
./test_file,1,2,20,104.045,2.70691,147162,5.41357,4596
./test_file,1,2,20,105.045,2.62427,142675,5.24878,4496
./test_file,1,2,20,106.046,2.70833,150427,5.4165,4490
./test_file,1,2,20,107.046,2.6674,145062,5.33524,4433
./test_file,1,2,20,108.047,2.57812,140930,5.15613,4391
./test_file,1,2,20,109.047,2.5498,137125,5.09924,4493
./test_file,1,2,20,110.048,2.58923,139416,5.17847,4398
./test_file,1,2,20,111.048,2.61537,142973,5.23083,4457
./test_file,1,2,20,112.049,2.58104,141339,5.16199,4545
./test_file,1,2,20,113.049,2.62036,140755,5.24097,4534
./test_file,1,2,20,114.049,2.59497,142427,5.1897,4571
./test_file,1,2,20,115.05,2.77087,153523,5.54163,4574
./test_file,1,2,20,116.05,2.64685,158921,5.29407,4585
./test_file,1,2,20,117.051,2.64941,145583,5.29871,4642
./test_file,1,2,20,118.051,2.77173,152130,5.54346,4605
./test_file,1,2,20,119.051,2.71777,147264,5.43579,4610
./test_file,1,2,20,120.052,2.6792,143811,5.35803,4604
./test_file,1,2,20,121.052,2.78772,153707,5.5756,4598
./test_file,1,2,20,122.053,2.83789,156448,5.67554,4599
./test_file,1,2,20,123.053,2.68396,145619,5.36804,4585
./test_file,1,2,20,124.054,2.77405,153815,5.5481,4570
./test_file,1,2,20,125.054,2.90942,163828,5.81917,4582
./test_file,1,2,20,126.054,2.60071,139076,5.20142,4594
./test_file,1,2,20,127.055,2.70361,148994,5.4071,4584
./test_file,1,2,20,128.055,3.01514,171775,6.03242,4562
./test_file,1,2,20,129.056,2.60645,137588,5.21301,4573
./test_file,1,2,20,130.056,2.60498,139192,5.22158,4569
./test_file,1,2,20,131.057,2.5863,138081,5.17249,4592
./test_file,1,2,20,132.057,2.56569,135727,5.13184,4571
./test_file,1,2,20,133.058,2.69481,147152,5.3894,4553
./test_file,1,2,20,134.058,2.65515,145827,5.3103,4556
./test_file,1,2,20,135.058,2.83252,158686,5.66492,4543
./test_file,1,2,20,136.059,2.66968,142474,5.33948,4583
./test_file,1,2,20,137.059,2.62378,141782,5.24768,4579
./test_file,1,2,20,138.06,2.69289,145852,5.38586,4597
./test_file,1,2,20,139.06,2.70274,147508,5.40528,4479
./test_file,1,2,20,140.06,2.6012,141190,5.20227,4452
./test_file,1,2,20,141.061,2.74524,149724,5.4906,4494
./test_file,1,2,20,142.061,2.57459,138425,5.14941,4595
./test_file,1,2,20,143.062,2.63098,141958,5.2616,4569
./test_file,1,2,20,144.062,2.75684,157604,5.51432,4512
./test_file,1,2,20,145.063,2.5946,140230,5.18896,4582
./test_file,1,2,20,146.063,2.59851,142107,5.1969,4575
./test_file,1,2,20,147.063,2.58154,139152,5.16321,4493
./test_file,1,2,20,148.064,2.625,142029,5.25034,4508
./test_file,1,2,20,149.064,2.58374,138656,5.16687,4539
./test_file,1,2,20,150.065,2.60962,139223,5.21985,4548
./test_file,1,2,20,151.065,2.60156,142971,5.20276,4583
./test_file,1,2,20,152.066,2.70203,150398,5.40369,4586
./test_file,1,2,20,153.066,2.70312,146042,5.40675,4599
./test_file,1,2,20,154.067,2.61902,141354,5.23828,4565
./test_file,1,2,20,155.067,2.7677,156286,5.53532,4479
./test_file,1,2,20,156.067,2.72498,146482,5.45032,4511
./test_file,1,2,20,157.068,2.70837,146385,5.41626,4488
./test_file,1,2,20,158.068,2.69446,145961,5.38904,4437
./test_file,1,2,20,159.069,2.90894,162984,5.81767,4504
./test_file,1,2,20,160.069,2.67749,144186,5.35571,4563
./test_file,1,2,20,161.07,2.73694,145483,5.47359,4626
./test_file,1,2,20,162.07,2.89954,161989,5.79919,4569
./test_file,1,2,20,163.071,2.70325,143960,5.40649,4554
./test_file,1,2,20,164.071,2.66699,144650,5.33386,4472
./test_file,1,2,20,165.071,3.04834,175876,6.0968,4498
./test_file,1,2,20,166.072,2.6012,135959,5.20215,4591
./test_file,1,2,20,167.072,2.59265,137681,5.1862,4536
./test_file,1,2,20,168.073,2.60352,136243,5.20703,4598
./test_file,1,2,20,169.073,2.58484,135652,5.16981,4616
./test_file,1,2,20,170.074,2.68947,145539,5.37903,4552
./test_file,1,2,20,171.074,2.65526,141058,5.31042,4574
./test_file,1,2,20,172.075,2.82104,153938,5.64222,4562
./test_file,1,2,20,173.075,2.70898,147237,5.41797,4572
./test_file,1,2,20,174.075,2.59753,136874,5.19495,4616
./test_file,1,2,20,175.076,2.63159,143829,5.26294,4517
./test_file,1,2,20,176.076,2.73584,148513,5.4718,4546
./test_file,1,2,20,177.077,2.58215,135397,5.16443,4552
./test_file,1,2,20,178.077,2.67041,144566,5.34083,4564
./test_file,1,2,20,179.077,2.61597,136801,5.23206,4556
./test_file,1,2,20,180.078,2.59377,138169,5.18726,4555
./test_file,1,2,20,181.078,2.78221,152907,5.56458,4522
./test_file,1,2,20,182.079,2.60022,138216,5.20044,4544
./test_file,1,2,20,183.079,2.59351,136878,5.18689,4568
./test_file,1,2,20,184.08,2.5802,137978,5.16066,4591
./test_file,1,2,20,185.08,2.60205,140004,5.20435,4491
./test_file,1,2,20,186.081,2.62451,140591,5.2489,4527
./test_file,1,2,20,187.081,2.59949,138088,5.19885,4487
./test_file,1,2,20,188.081,2.6145,140927,5.23116,4458
./test_file,1,2,20,189.082,2.61694,140124,5.23352,4567
./test_file,1,2,20,190.082,2.79102,149735,5.58215,4579
./test_file,1,2,20,191.083,2.5885,136256,5.177,4574
./test_file,1,2,20,192.083,2.74622,149588,5.49243,4556
./test_file,1,2,20,193.084,2.75439,148783,5.50879,4579
./test_file,1,2,20,194.084,2.70227,146055,5.40442,4547
./test_file,1,2,20,195.084,2.63306,138582,5.26599,4581
./test_file,1,2,20,196.085,2.93579,168152,5.87174,4478
./test_file,1,2,20,197.085,2.7041,148849,5.40866,4524
./test_file,1,2,20,198.086,2.69551,148071,5.39087,4560
./test_file,1,2,20,199.086,2.85234,160393,5.70459,4564
./test_file,1,2,20,200.087,2.77295,152548,5.54565,4596
./test_file,1,2,20,201.087,2.67261,143694,5.34534,4627
./test_file,1,2,20,202.088,2.87415,18446744073700011982,5.74866,4523
./test_file,1,2,20,203.088,2.76282,153360,5.52588,4538
./test_file,1,2,20,204.089,2.57751,137402,5.15417,4566
./test_file,1,2,20,205.089,2.63721,143660,5.27527,4534
./test_file,1,2,20,206.09,2.60799,142160,5.21509,4542
./test_file,1,2,20,207.09,2.66533,149449,5.3313,4445
./test_file,1,2,20,208.091,2.68726,144807,5.37451,4417
./test_file,1,2,20,209.091,2.78619,158506,5.57227,4538
./test_file,0,0,32,1.00041,0.0808868,18446698850220421177,5.06979,4746
./test_file,0,0,32,2.00084,0.0830765,18446649457338080382,5.06445,4733
./test_file,0,0,32,3.00129,0.0859947,0,5.07243,4724
./test_file,0,0,32,4.00171,0.0880127,0,5.02267,4705
./test_file,0,0,32,5.00212,0.0912323,0,5.04462,4722
./test_file,0,0,32,6.00251,0.0942879,0,5.03979,4706
./test_file,0,0,32,7.00294,0.0978241,0,5.01383,4644
./test_file,0,0,32,8.00333,0.101627,12,5.01956,4623
./test_file,0,0,32,9.00373,0.10508,0,4.99817,4675
./test_file,0,0,32,10.0042,0.109158,0,4.99953,4670
./test_file,0,0,32,11.0046,0.113461,0,4.99458,4631
./test_file,0,0,32,12.005,0.110909,3,4.80305,4653
./test_file,0,0,32,13.0054,0.115562,0,4.93276,4610
./test_file,0,0,32,14.0059,0.115437,14,4.90527,4643
./test_file,0,0,32,15.0063,0.116516,7,4.87249,4595
./test_file,0,0,32,16.0067,0.118362,12187,4.91608,4599
./test_file,0,0,32,17.0071,0.113636,104877,4.70928,4641
./test_file,0,0,32,18.0076,0.114979,102576,4.79093,4650
./test_file,0,0,32,19.008,0.11692,109146,4.83556,4594
./test_file,0,0,32,20.0085,0.114681,108345,4.78691,4546
./test_file,0,0,32,21.0089,0.113419,174766,4.78934,4532
./test_file,0,0,32,22.0093,0.114193,108274,4.79897,4590
./test_file,0,0,32,23.0097,0.113308,113566,4.7631,4567
./test_file,0,0,32,24.0102,0.11335,110452,4.78276,4613
./test_file,0,0,32,25.0107,0.113377,124313,4.75335,4415
./test_file,0,0,32,26.0111,0.113979,78847,4.78605,4659
./test_file,0,0,32,27.0116,0.112667,88447,4.6904,4662
./test_file,0,0,32,28.012,0.115067,92006,4.78491,4690
./test_file,0,0,32,29.0124,0.11647,92503,4.77961,4694
./test_file,0,0,32,30.0128,0.116646,81396,4.79025,4682
./test_file,0,0,32,31.0132,0.11657,82901,4.81611,4680
./test_file,0,0,32,32.0137,0.117245,107907,4.79123,4660
./test_file,0,0,32,33.0141,0.116478,108645,4.805,4677
./test_file,0,0,32,34.0145,0.115917,112304,4.78322,4646
./test_file,0,0,32,35.0149,0.117622,100075,4.81708,4676
./test_file,0,0,32,36.0154,0.117458,90433,4.82996,4691
./test_file,0,0,32,37.0158,0.116653,95362,4.79989,4677
./test_file,0,0,32,38.0162,0.116714,100212,4.80896,4704
./test_file,0,0,32,39.0166,0.117317,101422,4.8297,4648
./test_file,0,0,32,40.017,0.116356,102217,4.79946,4692
./test_file,0,0,32,41.0175,0.117588,101781,4.8358,4712
./test_file,0,0,32,42.0179,0.117474,100271,4.84082,4698
./test_file,0,0,32,43.0183,0.118328,96649,4.84512,4699
./test_file,0,0,32,44.0187,0.117336,103891,4.81112,4671
./test_file,0,0,32,45.0191,0.118427,94658,4.84458,4654
./test_file,0,0,32,46.0195,0.117836,99080,4.84354,4681
./test_file,0,0,32,47.02,0.118149,102363,4.8224,4669
./test_file,0,0,32,48.0204,0.11795,112263,4.8424,4641
./test_file,0,0,32,49.0208,0.118561,108150,4.84092,4627
./test_file,0,0,32,50.0213,0.11705,108723,4.84467,4622
./test_file,0,0,32,51.0217,0.116966,98954,4.84618,4624
./test_file,0,0,32,52.0221,0.116547,100753,4.81984,4656
./test_file,0,0,32,53.0226,0.118256,89558,4.85007,4683
./test_file,0,0,32,54.0231,0.119019,108573,4.82771,4660
./test_file,0,0,32,55.0235,0.119297,103554,4.8601,4691
./test_file,0,0,32,56.0239,0.117989,108019,4.84604,4694
./test_file,0,0,32,57.0243,0.119141,103864,4.85279,4660
./test_file,0,0,32,58.0247,0.119179,108294,4.85337,4676
./test_file,0,0,32,59.0252,0.11739,104450,4.81775,4648
./test_file,0,0,32,60.0256,0.118656,106281,4.82816,4643
./test_file,0,0,32,61.026,0.118465,107132,4.84788,4636
./test_file,0,0,32,62.0265,0.119385,111791,4.867,4589
./test_file,0,0,32,63.0269,0.116543,106955,4.81247,4631
./test_file,0,0,32,64.0273,0.118938,109764,4.84237,4604
./test_file,0,0,32,65.0277,0.119312,107452,4.85551,4623
./test_file,0,0,32,66.0282,0.118675,106466,4.85999,4643
./test_file,0,0,32,67.0287,0.11961,107202,4.86642,4649
./test_file,0,0,32,68.0291,0.116848,106227,4.78431,4677
./test_file,0,0,32,69.0295,0.118515,115462,4.84237,4613
./test_file,0,0,32,70.0299,0.119411,108457,4.87618,4634
./test_file,0,0,32,71.0303,0.118362,109563,4.86775,4607
./test_file,0,0,32,72.0308,0.118645,111866,4.84531,4615
./test_file,0,0,32,73.0312,0.118793,113169,4.8447,4602
./test_file,0,0,32,74.0316,0.118439,108961,4.81893,4664
./test_file,0,0,32,75.032,0.119785,108393,4.86309,4599
./test_file,0,0,32,76.0325,0.11945,109275,4.84141,4642
./test_file,0,0,32,77.0329,0.11871,112420,4.85709,4608
./test_file,0,0,32,78.0334,0.117455,110780,4.80968,4630
./test_file,0,0,32,79.0338,0.117435,108585,4.82919,4649
./test_file,0,0,32,80.0342,0.118843,115149,4.85978,4614
./test_file,0,0,32,81.0347,0.118641,112991,4.84879,4654
./test_file,0,0,32,82.0351,0.119419,113352,4.86312,4586
./test_file,0,0,32,83.0355,0.119576,116312,4.86304,4611
./test_file,0,0,32,84.0359,0.118374,114994,4.82639,4574
./test_file,0,0,32,85.0364,0.119228,115026,4.86572,4563
./test_file,0,0,32,86.0369,0.118362,107704,4.85767,4561
./test_file,0,0,32,87.0374,0.118397,111002,4.85536,4488
./test_file,0,0,32,88.0378,0.117996,110490,4.82183,4558
./test_file,0,0,32,89.0383,0.119354,108630,4.84019,4610
./test_file,0,0,32,90.0388,0.119099,109091,4.85248,4548
./test_file,0,0,32,91.0392,0.119709,112261,4.86814,4564
./test_file,0,0,32,92.0396,0.119152,118900,4.85825,4637
./test_file,0,0,32,93.04,0.118946,108593,4.85935,4624
./test_file,0,0,32,94.0404,0.11676,109065,4.78175,4533
./test_file,0,0,32,95.0409,0.118748,111934,4.8484,4594
./test_file,0,0,32,96.0413,0.119896,111712,4.86646,4551
./test_file,0,0,32,97.0417,0.119843,113884,4.87347,4554
./test_file,0,0,32,98.0421,0.120659,109175,4.86818,4607
./test_file,0,0,32,99.0426,0.11998,112595,4.846,4637
./test_file,0,0,32,100.043,0.119591,109106,4.86243,4640
./test_file,0,0,32,101.044,0.118046,106686,4.79507,4591
./test_file,0,0,32,102.044,0.119789,112333,4.8755,4607
./test_file,0,0,32,103.044,0.119579,108963,4.86519,4657
./test_file,0,0,32,104.045,0.118359,107677,4.78078,4655
./test_file,0,0,32,105.045,0.120495,107783,4.86433,4651
./test_file,0,0,32,106.046,0.120789,111027,4.8836,4644
./test_file,0,0,32,107.046,0.120605,111421,4.88264,4629
./test_file,0,0,32,108.046,0.119926,115511,4.84631,4616
./test_file,0,0,32,109.047,0.120342,112046,4.87702,4620
./test_file,0,0,32,110.047,0.119766,111605,4.87622,4620
./test_file,0,0,32,111.048,0.120552,112306,4.89285,4627
./test_file,0,0,32,112.049,0.119595,110790,4.87965,4609
./test_file,0,0,32,113.049,0.120567,109988,4.88982,4620
./test_file,0,0,32,114.049,0.120216,113396,4.86865,4582
./test_file,0,0,32,115.05,0.120148,112321,4.88609,4620
./test_file,0,0,32,116.051,0.12085,110714,4.87613,4548
./test_file,0,0,32,117.051,0.119652,115529,4.86572,4497
./test_file,0,0,32,118.051,0.120255,109814,4.84092,4623
./test_file,0,0,32,119.052,0.120323,111811,4.8718,4567
./test_file,0,0,32,120.052,0.120495,113106,4.88509,4530
./test_file,0,0,32,121.053,0.1213,110936,4.87737,4570
./test_file,0,0,32,122.053,0.120461,110663,4.88091,4602
./test_file,0,0,32,123.054,0.119743,111450,4.86814,4600
./test_file,0,0,32,124.054,0.118843,112489,4.85856,4559
./test_file,0,0,32,125.054,0.119949,114692,4.87922,4555
./test_file,0,0,32,126.055,0.120762,111807,4.8853,4605
./test_file,0,0,32,127.055,0.119873,113914,4.88119,4639
./test_file,0,0,32,128.056,0.12114,113174,4.89177,4607
./test_file,0,0,32,129.056,0.120468,115607,4.86533,4604
./test_file,0,0,32,130.057,0.120838,114737,4.88683,4635
./test_file,0,0,32,131.057,0.120731,114564,4.89795,4638
./test_file,0,0,32,132.057,0.120632,116471,4.88351,4616
./test_file,0,0,32,133.058,0.120712,113660,4.87741,4644
./test_file,0,0,32,134.058,0.120068,113404,4.86335,4613
./test_file,0,0,32,135.059,0.11953,115771,4.86834,4641
./test_file,0,0,32,136.059,0.120079,115042,4.87935,4612
./test_file,0,0,32,137.06,0.12001,114967,4.87945,4616
./test_file,0,0,32,138.06,0.120903,114459,4.88538,4614
./test_file,0,0,32,139.06,0.118771,114143,4.85288,4620
./test_file,0,0,32,140.061,0.120029,111900,4.86156,4672
./test_file,0,0,32,141.061,0.120422,115118,4.879,4636
./test_file,0,0,32,142.062,0.120247,112180,4.88268,4606
./test_file,0,0,32,143.062,0.120258,111546,4.86236,4532
./test_file,0,0,32,144.063,0.120518,115375,4.88145,4565
./test_file,0,0,32,145.063,0.120155,111701,4.86044,4587
./test_file,0,0,32,146.063,0.119804,111975,4.87744,4652
./test_file,0,0,32,147.064,0.119896,111980,4.87331,4595
./test_file,0,0,32,148.064,0.119186,114379,4.86958,4588
./test_file,0,0,32,149.065,0.119972,113334,4.88039,4540
./test_file,0,0,32,150.065,0.119652,114367,4.87529,4526
./test_file,0,0,32,151.066,0.119583,113989,4.86301,4589
./test_file,0,0,32,152.066,0.119453,118630,4.87313,4578
./test_file,0,0,32,153.066,0.120228,112101,4.86347,4579
./test_file,0,0,32,154.067,0.119583,116521,4.85707,4549
./test_file,0,0,32,155.067,0.121166,111713,4.86658,4609
./test_file,0,0,32,156.068,0.120617,116858,4.88567,4613
./test_file,0,0,32,157.068,0.119888,112696,4.87482,4575
./test_file,0,0,32,158.069,0.119698,113510,4.87808,4583
./test_file,0,0,32,159.069,0.120693,114512,4.87411,4614
./test_file,0,0,32,160.069,0.119919,116611,4.86946,4606
./test_file,0,0,32,161.07,0.121014,112755,4.87607,4662
./test_file,0,0,32,162.07,0.120499,114256,4.86708,4624
./test_file,0,0,32,163.071,0.119354,113615,4.86929,4520
./test_file,0,0,32,164.071,0.119049,114767,4.86345,4626
./test_file,0,0,32,165.072,0.119461,113196,4.86649,4601
./test_file,0,0,32,166.072,0.12006,115862,4.87722,4616
./test_file,0,0,32,167.072,0.120625,113228,4.87049,4577
./test_file,0,0,32,168.073,0.120152,116047,4.88173,4530
./test_file,0,0,32,169.073,0.121193,113619,4.88232,4549
./test_file,0,0,32,170.074,0.119762,114213,4.8565,4603
./test_file,0,0,32,171.074,0.121391,118372,4.89017,4631
./test_file,0,0,32,172.075,0.1208,112956,4.87475,4609
./test_file,0,0,32,173.075,0.11948,112925,4.86603,4599
./test_file,0,0,32,174.075,0.119232,113015,4.84908,4567
./test_file,0,0,32,175.076,0.120098,115083,4.88289,4563
./test_file,0,0,32,176.076,0.120132,113455,4.89195,4524
./test_file,0,0,32,177.077,0.120255,112485,4.88821,4539
./test_file,0,0,32,178.077,0.120163,113558,4.87074,4575
./test_file,0,0,32,179.078,0.120102,111318,4.86653,4646
./test_file,0,0,32,180.078,0.120911,114624,4.87526,4608
./test_file,0,0,32,181.078,0.120453,112435,4.88291,4593
./test_file,0,0,32,182.079,0.121258,113850,4.87486,4569
./test_file,0,0,32,183.079,0.119732,110915,4.86251,4604
./test_file,0,0,32,184.08,0.119926,113696,4.86625,4538
./test_file,0,0,32,185.08,0.120663,109660,4.87611,4614
./test_file,0,0,32,186.081,0.119534,113590,4.88969,4618
./test_file,0,0,32,187.081,0.120907,113189,4.88074,4610
./test_file,0,0,32,188.082,0.120934,111638,4.87797,4544
./test_file,0,0,32,189.082,0.119789,112863,4.85643,4583
./test_file,0,0,32,190.082,0.120754,113849,4.8801,4559
./test_file,0,0,32,191.083,0.12138,116233,4.89136,4576
./test_file,0,0,32,192.083,0.120789,114019,4.88146,4577
./test_file,0,0,32,193.084,0.120678,114031,4.87321,4596
./test_file,0,0,32,194.084,0.120224,114472,4.8593,4597
./test_file,0,0,32,195.085,0.120201,112949,4.89737,4599
./test_file,0,0,32,196.085,0.120419,115868,4.87201,4614
./test_file,0,0,32,197.086,0.119843,115323,4.87978,4616
./test_file,0,0,32,198.086,0.120186,116959,4.87244,4622
./test_file,0,0,32,199.087,0.120838,115680,4.88395,4616
./test_file,0,0,32,200.087,0.119797,115568,4.85183,4649
./test_file,0,0,32,201.087,0.120514,112966,4.87875,4635
./test_file,0,0,32,202.088,0.120705,117613,4.88458,4610
./test_file,0,0,32,203.088,0.120827,112810,4.86427,4560
./test_file,0,0,32,204.089,0.119518,116957,4.86777,4584
./test_file,0,0,32,205.089,0.120491,114385,4.88081,4601
./test_file,0,0,32,206.089,0.120041,115301,4.8834,4655
./test_file,0,0,32,207.09,0.119263,115593,4.87604,4587
./test_file,0,0,32,208.09,0.119064,116620,4.87113,4581
./test_file,0,0,32,209.091,0.119446,114358,4.87308,4626
./test_file,0,1,32,1.00045,1.06818,94382181147522,2.12293,4447
./test_file,0,1,32,2.00093,1.07805,18446649691528404094,2.12171,4437
./test_file,0,1,32,3.00138,1.09318,0,2.12856,4435
./test_file,0,1,32,4.00184,1.1032,0,2.12481,4436
./test_file,0,1,32,5.00231,1.11088,0,2.12363,4445
./test_file,0,1,32,6.00283,1.13136,0,2.13002,4444
./test_file,0,1,32,7.00327,1.14021,0,2.12269,4436
./test_file,0,1,32,8.00375,1.15456,0,2.12577,4435
./test_file,0,1,32,9.00422,1.16778,0,2.12505,4390
./test_file,0,1,32,10.0047,1.1796,0,2.12341,4380
./test_file,0,1,32,11.0051,1.19228,0,2.12149,4396
./test_file,0,1,32,12.0056,1.20393,0,2.11525,4415
./test_file,0,1,32,13.0061,1.22684,0,2.12806,4390
./test_file,0,1,32,14.0066,1.2398,0,2.12273,4360
./test_file,0,1,32,15.007,1.25443,0,2.12321,4443
./test_file,0,1,32,16.0075,1.2688,8,2.13517,4354
./test_file,0,1,32,17.0079,1.28455,0,2.11907,4447
./test_file,0,1,32,18.0085,1.3055,27,2.12617,4364
./test_file,0,1,32,19.009,1.32173,0,2.12747,4440
./test_file,0,1,32,20.0095,1.3392,0,2.12595,4466
./test_file,0,1,32,21.0099,1.35796,0,2.12306,4443
./test_file,0,1,32,22.0104,1.37354,0,2.11752,4465
./test_file,0,1,32,23.0109,1.39285,0,2.12143,4444
./test_file,0,1,32,24.0114,1.41726,0,2.12495,4460
./test_file,0,1,32,25.0119,1.4345,0,2.12329,4443
./test_file,0,1,32,26.0124,1.45286,0,2.12025,4478
./test_file,0,1,32,27.0129,1.47285,0,2.11744,4461
./test_file,0,1,32,28.0137,0.489288,9894,0.698059,3220
./test_file,0,1,32,29.0141,1.4879,99408,2.11834,4418
./test_file,0,1,32,30.0146,1.48909,171098,2.11874,4404
./test_file,0,1,32,31.0151,1.49327,126203,2.12483,4412
./test_file,0,1,32,32.0156,1.48638,118679,2.11156,4416
./test_file,0,1,32,33.016,1.48034,131847,2.10614,4398
./test_file,0,1,32,34.0166,1.48087,118247,2.11523,4379
./test_file,0,1,32,35.0171,1.46475,94876,2.15262,4354
./test_file,0,1,32,36.0177,1.47913,88309,2.10398,4460
./test_file,0,1,32,37.0181,1.48746,94493,2.11354,4418
./test_file,0,1,32,38.0186,1.49073,99382,2.1193,4402
./test_file,0,1,32,39.019,1.4869,107635,2.11662,4410
./test_file,0,1,32,40.0196,1.48703,104027,2.11598,4371
./test_file,0,1,32,41.02,1.48809,112414,2.11671,4356
./test_file,0,1,32,42.0205,1.48022,106399,2.10678,4418
./test_file,0,1,32,43.0209,1.48129,112616,2.11069,4312
./test_file,0,1,32,44.0214,1.48548,119948,2.11148,4319
./test_file,0,1,32,45.0219,1.48394,115258,2.11022,4372
./test_file,0,1,32,46.0224,1.48906,120731,2.11626,4386
./test_file,0,1,32,47.0229,1.48688,118206,2.1132,4394
./test_file,0,1,32,48.0233,1.48756,117827,2.11631,4397
./test_file,0,1,32,49.0238,1.48824,109463,2.11694,4409
./test_file,0,1,32,50.0244,1.48769,117377,2.11489,4419
./test_file,0,1,32,51.025,1.4024,164005,1.99234,4391
./test_file,0,1,32,52.0254,1.06311,339784,1.51576,4328
./test_file,0,1,32,53.0259,1.47269,127687,2.0951,4327
./test_file,0,1,32,54.0264,1.48611,116682,2.11528,4312
./test_file,0,1,32,55.0269,1.48347,135199,2.12081,4409
./test_file,0,1,32,56.0274,1.48877,134185,2.11431,4421
./test_file,0,1,32,57.0279,1.48675,119429,2.11107,4422
./test_file,0,1,32,58.0284,1.4881,107035,2.11496,4417
./test_file,0,1,32,59.0288,1.49171,144508,2.12063,4396
./test_file,0,1,32,60.0293,1.49114,101541,2.11877,4412
./test_file,0,1,32,61.0298,1.48874,97642,2.1144,4371
./test_file,0,1,32,62.0302,1.48082,97527,2.10643,4315
./test_file,0,1,32,63.0307,1.48331,101665,2.10897,4348
./test_file,0,1,32,64.0313,1.48686,101187,2.11349,4345
./test_file,0,1,32,65.0319,1.47895,116856,2.11504,4377
./test_file,0,1,32,66.0325,1.48911,118670,2.11974,4371
./test_file,0,1,32,67.033,1.48018,119213,2.1047,4316
./test_file,0,1,32,68.0334,1.48084,121095,2.11211,4311
./test_file,0,1,32,69.0339,1.48561,132356,2.11374,4310
./test_file,0,1,32,70.0344,1.48504,131105,2.11319,4311
./test_file,0,1,32,71.0348,1.49106,130115,2.119,4310
./test_file,0,1,32,72.0353,1.47934,132819,2.10861,4393
./test_file,0,1,32,73.0357,1.48837,138846,2.11593,4339
./test_file,0,1,32,74.0362,1.32848,311327,1.88607,4308
./test_file,0,1,32,75.0368,1.42652,238990,2.02433,4301
./test_file,0,1,32,76.0373,1.48666,157379,2.11259,4309
./test_file,0,1,32,77.0377,1.47936,133808,2.10609,4351
./test_file,0,1,32,78.0383,1.4822,104488,2.12012,4316
./test_file,0,1,32,79.0389,1.48991,97821,2.11552,4365
./test_file,0,1,32,80.0394,1.49023,103253,2.11847,4380
./test_file,0,1,32,81.0398,1.49085,106300,2.11635,4359
./test_file,0,1,32,82.0403,1.4822,106821,2.10881,4336
./test_file,0,1,32,83.0409,1.49084,113489,2.12001,4317
./test_file,0,1,32,84.0414,1.48701,106225,2.11497,4369
./test_file,0,1,32,85.042,1.48563,106144,2.11179,4377
./test_file,0,1,32,86.0424,1.48088,112776,2.1105,4334
./test_file,0,1,32,87.0429,1.48373,115307,2.10936,4409
./test_file,0,1,32,88.0434,1.48674,126745,2.11541,4360
./test_file,0,1,32,89.0439,1.48832,126317,2.11613,4313
./test_file,0,1,32,90.0444,1.48616,131288,2.11376,4308
./test_file,0,1,32,91.045,1.48816,129280,2.112,4365
./test_file,0,1,32,92.0456,1.48935,137450,2.11499,4326
./test_file,0,1,32,93.0461,1.48907,137906,2.11722,4346
./test_file,0,1,32,94.0465,1.48634,189496,2.11255,4352
./test_file,0,1,32,95.0471,1.49271,220975,2.11636,4293
./test_file,0,1,32,96.0476,1.47673,172577,2.09902,4383
./test_file,0,1,32,97.0481,1.44556,250794,2.05378,4358
./test_file,0,1,32,98.0485,1.4371,268293,2.04378,4355
./test_file,0,1,32,99.049,1.4887,164912,2.1142,4321
./test_file,0,1,32,100.049,1.48742,143785,2.11464,4348
./test_file,0,1,32,101.05,1.48631,134824,2.11346,4320
./test_file,0,1,32,102.05,1.48463,116135,2.11333,4328
./test_file,0,1,32,103.051,1.48769,112312,2.11628,4314
./test_file,0,1,32,104.051,1.4862,109834,2.11437,4375
./test_file,0,1,32,105.052,1.48619,116135,2.11405,4312
./test_file,0,1,32,106.053,1.48497,106491,2.10935,4349
./test_file,0,1,32,107.053,1.48549,110648,2.10561,4334
./test_file,0,1,32,108.053,1.48986,122413,2.11714,4336
./test_file,0,1,32,109.054,1.48478,120984,2.11131,4312
./test_file,0,1,32,110.054,1.49306,124875,2.12026,4312
./test_file,0,1,32,111.055,1.48803,125716,2.11247,4315
./test_file,0,1,32,112.055,1.48299,118368,2.10646,4389
./test_file,0,1,32,113.056,1.4876,125544,2.117,4389
./test_file,0,1,32,114.056,1.49073,135325,2.11744,4407
./test_file,0,1,32,115.057,1.48671,139497,2.12622,4411
./test_file,0,1,32,116.057,1.49004,141263,2.11882,4395
./test_file,0,1,32,117.058,1.48273,142469,2.10791,4357
./test_file,0,1,32,118.058,1.48826,145101,2.11296,4305
./test_file,0,1,32,119.059,1.48252,197999,2.10659,4293
./test_file,0,1,32,120.059,1.49186,181425,2.1166,4367
./test_file,0,1,32,121.06,1.47721,177119,2.09795,4401
./test_file,0,1,32,122.06,1.48714,151936,2.10947,4355
./test_file,0,1,32,123.061,1.48385,134705,2.11234,4355
./test_file,0,1,32,124.062,1.48736,127148,2.11346,4412
./test_file,0,1,32,125.062,1.4782,126063,2.12991,4343
./test_file,0,1,32,126.063,1.48541,123950,2.11927,4330
./test_file,0,1,32,127.063,1.48354,112780,2.1084,4361
./test_file,0,1,32,128.064,1.47577,173111,2.10622,4348
./test_file,0,1,32,129.064,1.48808,124984,2.11393,4310
./test_file,0,1,32,130.065,1.48952,117741,2.11473,4312
./test_file,0,1,32,131.065,1.48158,128123,2.11011,4396
./test_file,0,1,32,132.066,1.47202,124540,2.1223,4374
./test_file,0,1,32,133.066,1.48602,131508,2.1119,4307
./test_file,0,1,32,134.067,1.49106,127968,2.11379,4309
./test_file,0,1,32,135.067,1.48636,130818,2.11385,4377
./test_file,0,1,32,136.068,1.48602,137764,2.11201,4334
./test_file,0,1,32,137.068,1.4841,138702,2.11014,4462
./test_file,0,1,32,138.069,1.48262,134764,2.11182,4341
./test_file,0,1,32,139.069,1.48632,146717,2.11384,4306
./test_file,0,1,32,140.069,1.48637,140372,2.1129,4369
./test_file,0,1,32,141.07,1.48808,174542,2.11168,4303
./test_file,0,1,32,142.07,1.48738,187030,2.11056,4403
./test_file,0,1,32,143.071,1.48921,166496,2.11577,4406
./test_file,0,1,32,144.072,1.48484,153573,2.1153,4426
./test_file,0,1,32,145.072,1.48426,143044,2.11227,4407
./test_file,0,1,32,146.073,1.48861,138776,2.11171,4413
./test_file,0,1,32,147.073,1.48774,126462,2.11289,4412
./test_file,0,1,32,148.074,1.48898,133520,2.11731,4407
./test_file,0,1,32,149.074,1.48648,124503,2.1137,4420
./test_file,0,1,32,150.074,1.48539,119395,2.11383,4417
./test_file,0,1,32,151.075,1.48576,117882,2.11294,4417
./test_file,0,1,32,152.075,1.48617,122078,2.11219,4419
./test_file,0,1,32,153.076,1.48903,123469,2.11756,4413
./test_file,0,1,32,154.076,1.48618,124883,2.11842,4390
./test_file,0,1,32,155.077,1.47712,129369,2.11789,4369
./test_file,0,1,32,156.077,1.4867,128124,2.11354,4364
./test_file,0,1,32,157.078,1.48717,133335,2.11163,4383
./test_file,0,1,32,158.078,1.48201,139547,2.10785,4382
./test_file,0,1,32,159.079,1.49036,131052,2.11371,4364
./test_file,0,1,32,160.079,1.49049,142368,2.11723,4352
./test_file,0,1,32,161.08,1.48346,141277,2.11307,4346
./test_file,0,1,32,162.08,1.48037,160632,2.11265,4248
./test_file,0,1,32,163.081,1.48717,138751,2.11092,4271
./test_file,0,1,32,164.081,1.48452,183400,2.10936,4303
./test_file,0,1,32,165.082,1.48509,165209,2.10786,4316
./test_file,0,1,32,166.082,1.4861,157247,2.11181,4326
./test_file,0,1,32,167.083,1.48642,146390,2.11003,4364
./test_file,0,1,32,168.083,1.48731,142333,2.11504,4355
./test_file,0,1,32,169.084,1.48822,139721,2.1128,4367
./test_file,0,1,32,170.084,1.48985,136433,2.11651,4369
./test_file,0,1,32,171.085,1.48588,125350,2.11385,4361
./test_file,0,1,32,172.085,1.4863,130872,2.1103,4397
./test_file,0,1,32,173.086,1.48629,124549,2.1167,4388
./test_file,0,1,32,174.086,1.48903,122736,2.11598,4366
./test_file,0,1,32,175.087,1.48522,127905,2.12436,4385
./test_file,0,1,32,176.087,1.48297,122448,2.10952,4391
./test_file,0,1,32,177.087,1.48867,127343,2.11417,4377
./test_file,0,1,32,178.088,1.48664,133858,2.1126,4383
./test_file,0,1,32,179.088,1.4888,131354,2.11586,4367
./test_file,0,1,32,180.089,1.48795,139271,2.1153,4360
./test_file,0,1,32,181.089,1.48718,136265,2.1138,4368
./test_file,0,1,32,182.09,1.48694,142731,2.1116,4382
./test_file,0,1,32,183.09,1.48698,139129,2.11015,4361
./test_file,0,1,32,184.091,1.48848,152285,2.11407,4345
./test_file,0,1,32,185.091,1.47909,139037,2.12477,4344
./test_file,0,1,32,186.092,1.48248,156948,2.11436,4340
./test_file,0,1,32,187.093,1.48451,170505,2.11009,4337
./test_file,0,1,32,188.093,1.48698,161517,2.12072,4342
./test_file,0,1,32,189.094,1.48113,146613,2.1055,4367
./test_file,0,1,32,190.094,1.48588,145071,2.11224,4367
./test_file,0,1,32,191.095,1.48513,141177,2.10997,4371
./test_file,0,1,32,192.095,1.4743,156421,2.10414,4264
./test_file,0,1,32,193.095,1.48543,132541,2.11716,4311
./test_file,0,1,32,194.096,1.49096,122158,2.11934,4374
./test_file,0,1,32,195.096,1.48993,135869,2.11357,4383
./test_file,0,1,32,196.097,1.48526,125691,2.11055,4365
./test_file,0,1,32,197.097,1.4857,128611,2.11365,4382
./test_file,0,1,32,198.098,1.48722,124070,2.11628,4365
./test_file,0,1,32,199.098,1.48985,128234,2.11725,4364
./test_file,0,1,32,200.099,1.48713,128515,2.11314,4365
./test_file,0,1,32,201.099,1.47583,164809,2.11702,4352
./test_file,0,1,32,202.1,1.4852,130473,2.11098,4385
./test_file,0,1,32,203.1,1.48414,136845,2.11251,4356
./test_file,0,1,32,204.101,1.49046,142693,2.11732,4358
./test_file,0,1,32,205.101,1.48679,140091,2.11642,4366
./test_file,0,1,32,206.102,1.48354,144806,2.11159,4367
./test_file,0,1,32,207.102,1.48819,143870,2.11465,4362
./test_file,0,1,32,208.103,1.49055,144223,2.1158,4352
./test_file,0,1,32,209.103,1.49081,18446744073696949476,2.1153,4340
./test_file,0,2,32,1.0004,0.0814323,94129021342594,5.09182,4673
./test_file,0,2,32,2.00084,0.0841293,18446649944688209022,5.06636,4640
./test_file,0,2,32,3.00131,0.0868607,0,5.04989,4645
./test_file,0,2,32,4.00171,0.0904732,0,5.04839,4685
./test_file,0,2,32,5.00213,0.0944138,0,5.02772,4656
./test_file,0,2,32,6.00258,0.0980988,0,5.02655,4660
./test_file,0,2,32,7.00299,0.102547,0,5.01582,4664
./test_file,0,2,32,8.00339,0.106575,0,4.99795,4626
./test_file,0,2,32,9.00383,0.111694,0,4.97933,4636
./test_file,0,2,32,10.0042,0.116913,0,4.97347,4657
./test_file,0,2,32,11.0046,0.123657,0,4.95763,4650
./test_file,0,2,32,12.0051,0.129028,44456,4.95619,4589
./test_file,0,2,32,13.0055,0.130009,108074,4.94199,4545
./test_file,0,2,32,14.006,0.129158,121395,4.94565,4625
./test_file,0,2,32,15.0064,0.130692,122886,4.96362,4581
./test_file,0,2,32,16.0068,0.129761,121152,4.95207,4620
./test_file,0,2,32,17.0072,0.129047,115491,4.93948,4593
./test_file,0,2,32,18.0077,0.13015,102131,4.9334,4578
./test_file,0,2,32,19.0081,0.130424,112061,4.93815,4603
./test_file,0,2,32,20.0085,0.128906,117150,4.93067,4581
./test_file,0,2,32,21.0089,0.129498,113267,4.94261,4549
./test_file,0,2,32,22.0093,0.130981,113837,4.95951,4624
./test_file,0,2,32,23.0097,0.128239,100417,4.9379,4621
./test_file,0,2,32,24.0102,0.13068,109340,4.93665,4597
./test_file,0,2,32,25.0106,0.130108,119894,4.93332,4623
./test_file,0,2,32,26.011,0.129032,113551,4.91267,4581
./test_file,0,2,32,27.0114,0.130108,111603,4.93755,4600
./test_file,0,2,32,28.0119,0.128433,106463,4.90501,4585
./test_file,0,2,32,29.0123,0.129665,113090,4.94516,4686
./test_file,0,2,32,30.0127,0.128952,108542,4.92159,4638
./test_file,0,2,32,31.0131,0.129372,103431,4.93359,4569
./test_file,0,2,32,32.0135,0.129093,105995,4.93194,4635
./test_file,0,2,32,33.0139,0.128761,111078,4.90551,4607
./test_file,0,2,32,34.0144,0.129547,101665,4.9343,4627
./test_file,0,2,32,35.0148,0.130585,111626,4.93623,4568
./test_file,0,2,32,36.0152,0.130119,111443,4.93806,4571
./test_file,0,2,32,37.0156,0.129204,107881,4.93081,4602
./test_file,0,2,32,38.016,0.128838,120036,4.90267,4558
./test_file,0,2,32,39.0164,0.130154,122266,4.93658,4516
./test_file,0,2,32,40.0168,0.130131,122330,4.92859,4539
./test_file,0,2,32,41.0172,0.128429,119144,4.91969,4567
./test_file,0,2,32,42.0176,0.129925,120896,4.92168,4561
./test_file,0,2,32,43.0181,0.128593,108214,4.9203,4598
./test_file,0,2,32,44.0185,0.130131,122238,4.9353,4586
./test_file,0,2,32,45.019,0.12899,122572,4.92459,4599
./test_file,0,2,32,46.0195,0.130119,122449,4.93827,4594
./test_file,0,2,32,47.0199,0.129246,107320,4.92596,4627
./test_file,0,2,32,48.0203,0.129784,108004,4.89986,4630
./test_file,0,2,32,49.0207,0.129269,123189,4.92491,4671
./test_file,0,2,32,50.0211,0.129639,124506,4.94093,4626
./test_file,0,2,32,51.0216,0.129257,108582,4.90207,4565
./test_file,0,2,32,52.022,0.130096,116349,4.94154,4612
./test_file,0,2,32,53.0224,0.129463,122810,4.92812,4604
./test_file,0,2,32,54.0228,0.128933,115393,4.93072,4597
./test_file,0,2,32,55.0232,0.129723,123772,4.93062,4598
./test_file,0,2,32,56.0236,0.130459,105109,4.93565,4587
./test_file,0,2,32,57.0241,0.128548,111700,4.89953,4576
./test_file,0,2,32,58.0245,0.128738,112389,4.92081,4587
./test_file,0,2,32,59.0249,0.130775,112493,4.93327,4511
./test_file,0,2,32,60.0253,0.130089,112103,4.93864,4575
./test_file,0,2,32,61.0257,0.129555,114503,4.92345,4587
./test_file,0,2,32,62.0262,0.130058,112761,4.93211,4611
./test_file,0,2,32,63.0266,0.128464,123494,4.93291,4632
./test_file,0,2,32,64.0271,0.130093,123292,4.93434,4641
./test_file,0,2,32,65.0275,0.128883,113733,4.92631,4637
./test_file,0,2,32,66.0279,0.130196,114018,4.93412,4613
./test_file,0,2,32,67.0284,0.12965,111345,4.9389,4636
./test_file,0,2,32,68.0288,0.130444,108948,4.92137,4640
./test_file,0,2,32,69.0293,0.12809,119083,4.92133,4615
./test_file,0,2,32,70.0297,0.129814,123626,4.93617,4615
./test_file,0,2,32,71.0301,0.130444,125867,4.94144,4609
./test_file,0,2,32,72.0305,0.129333,112892,4.93663,4634
./test_file,0,2,32,73.0309,0.129463,112144,4.9235,4632
./test_file,0,2,32,74.0313,0.129421,122270,4.93587,4643
./test_file,0,2,32,75.0317,0.130207,111608,4.9292,4614
./test_file,0,2,32,76.0321,0.13036,106835,4.93396,4639
./test_file,0,2,32,77.0325,0.129059,122993,4.95001,4607
./test_file,0,2,32,78.0329,0.128857,105438,4.91352,4553
./test_file,0,2,32,79.0334,0.130444,122350,4.95206,4537
./test_file,0,2,32,80.0338,0.129189,110415,4.93364,4559
./test_file,0,2,32,81.0342,0.129871,106685,4.92073,4537
./test_file,0,2,32,82.0347,0.129898,123708,4.93124,4511
./test_file,0,2,32,83.0351,0.129078,109172,4.93414,4561
./test_file,0,2,32,84.0355,0.129471,121469,4.94482,4533
./test_file,0,2,32,85.0359,0.129448,118038,4.94113,4528
./test_file,0,2,32,86.0363,0.129715,106187,4.92254,4540
./test_file,0,2,32,87.0367,0.128834,105033,4.90265,4554
./test_file,0,2,32,88.0372,0.13063,107588,4.9331,4561
./test_file,0,2,32,89.0376,0.130436,18446744073700394723,4.93632,4607
./test_file,0,2,32,90.0381,0.129379,123977,4.94275,4550
./test_file,0,2,32,91.0385,0.129818,121812,4.93909,4616
./test_file,0,2,32,92.0389,0.128555,106401,4.93033,4572
./test_file,0,2,32,93.0393,0.129333,102864,4.91323,4577
./test_file,0,2,32,94.0397,0.129017,106260,4.9548,4549
./test_file,0,2,32,95.0401,0.130184,106339,4.94543,4565
./test_file,0,2,32,96.0405,0.129574,105697,4.94794,4559
./test_file,0,2,32,97.0409,0.130848,104456,4.93866,4601
./test_file,0,2,32,98.0414,0.129021,103983,4.92033,4563
./test_file,0,2,32,99.0418,0.13028,103950,4.93604,4553
./test_file,0,2,32,100.042,0.12952,103918,4.93748,4602
./test_file,0,2,32,101.043,0.129345,104297,4.95063,4570
./test_file,0,2,32,102.043,0.128819,104109,4.94415,4577
./test_file,0,2,32,103.044,0.129929,103267,4.92408,4646
./test_file,0,2,32,104.045,0.130169,103932,4.94272,4591
./test_file,0,2,32,105.045,0.130291,104469,4.94831,4510
./test_file,0,2,32,106.046,0.129005,104993,4.93375,4563
./test_file,0,2,32,107.046,0.130394,103675,4.94149,4583
./test_file,0,2,32,108.047,0.129692,104134,4.93182,4531
./test_file,0,2,32,109.047,0.128899,103233,4.92509,4575
./test_file,0,2,32,110.047,0.128887,104305,4.93062,4509
./test_file,0,2,32,111.048,0.128845,104969,4.93049,4492
./test_file,0,2,32,112.048,0.130329,104316,4.94445,4554
./test_file,0,2,32,113.049,0.129597,103533,4.93206,4637
./test_file,0,2,32,114.049,0.128975,103842,4.9284,4532
./test_file,0,2,32,115.05,0.130238,104866,4.95229,4617
./test_file,0,2,32,116.05,0.130131,103684,4.94291,4640
./test_file,0,2,32,117.05,0.129078,103437,4.90223,4624
./test_file,0,2,32,118.051,0.128864,106633,4.91069,4610
./test_file,0,2,32,119.051,0.130104,105795,4.93428,4632
./test_file,0,2,32,120.052,0.130589,105253,4.94102,4602
./test_file,0,2,32,121.052,0.129257,103781,4.93309,4635
./test_file,0,2,32,122.053,0.12867,102517,4.93219,4607
./test_file,0,2,32,123.053,0.129742,102551,4.93621,4552
./test_file,0,2,32,124.053,0.129517,103822,4.94839,4603
./test_file,0,2,32,125.054,0.129009,102812,4.93069,4621
./test_file,0,2,32,126.054,0.130894,103819,4.93948,4572
./test_file,0,2,32,127.055,0.128948,102170,4.91934,4549
./test_file,0,2,32,128.055,0.13031,102550,4.91001,4547
./test_file,0,2,32,129.056,0.129913,105323,4.93714,4579
./test_file,0,2,32,130.056,0.128384,106886,4.939,4617
./test_file,0,2,32,131.057,0.129318,101909,4.92798,4566
./test_file,0,2,32,132.057,0.12981,104000,4.94405,4525
./test_file,0,2,32,133.057,0.130116,102220,4.92162,4576
./test_file,0,2,32,134.058,0.128628,101305,4.92439,4603
./test_file,0,2,32,135.058,0.12907,101044,4.92741,4639
./test_file,0,2,32,136.059,0.128971,102344,4.93443,4569
./test_file,0,2,32,137.059,0.12886,103015,4.94188,4599
./test_file,0,2,32,138.06,0.129738,102627,4.92752,4594
./test_file,0,2,32,139.06,0.129856,103185,4.94148,4609
./test_file,0,2,32,140.061,0.129581,102552,4.93668,4603
./test_file,0,2,32,141.061,0.129299,104095,4.92442,4535
./test_file,0,2,32,142.061,0.130199,102811,4.94627,4589
./test_file,0,2,32,143.062,0.129532,101914,4.93527,4650
./test_file,0,2,32,144.062,0.130562,103322,4.93896,4611
./test_file,0,2,32,145.063,0.129868,103420,4.93789,4568
./test_file,0,2,32,146.063,0.129993,101882,4.9222,4523
./test_file,0,2,32,147.064,0.129498,101852,4.92339,4563
./test_file,0,2,32,148.064,0.128212,101336,4.89107,4574
./test_file,0,2,32,149.065,0.12941,102453,4.94078,4581
./test_file,0,2,32,150.065,0.129524,102538,4.93811,4572
./test_file,0,2,32,151.065,0.129295,101366,4.93002,4653
./test_file,0,2,32,152.066,0.12941,103490,4.94017,4617
./test_file,0,2,32,153.066,0.128773,104145,4.90798,4580
./test_file,0,2,32,154.067,0.129169,104354,4.94156,4554
./test_file,0,2,32,155.067,0.130344,105069,4.94136,4517
./test_file,0,2,32,156.068,0.129955,104609,4.94148,4538
./test_file,0,2,32,157.068,0.129421,103842,4.93671,4594
./test_file,0,2,32,158.069,0.129391,107857,4.91909,4563
./test_file,0,2,32,159.069,0.130287,108597,4.93194,4595
./test_file,0,2,32,160.069,0.129852,104039,4.94263,4572
./test_file,0,2,32,161.07,0.130241,102910,4.93753,4629
./test_file,0,2,32,162.07,0.130463,104429,4.93734,4542
./test_file,0,2,32,163.071,0.12923,101391,4.91979,4616
./test_file,0,2,32,164.071,0.130226,103953,4.92267,4579
./test_file,0,2,32,165.072,0.128796,103712,4.92791,4580
./test_file,0,2,32,166.072,0.129498,102879,4.92941,4617
./test_file,0,2,32,167.072,0.128914,103220,4.93269,4555
./test_file,0,2,32,168.073,0.129578,102342,4.93442,4565
./test_file,0,2,32,169.073,0.129444,102059,4.92769,4556
./test_file,0,2,32,170.074,0.129593,102346,4.9455,4565
./test_file,0,2,32,171.074,0.128338,102742,4.93312,4542
./test_file,0,2,32,172.075,0.129169,102995,4.94012,4597
./test_file,0,2,32,173.075,0.128239,103145,4.94981,4591
./test_file,0,2,32,174.075,0.128792,103818,4.92931,4529
./test_file,0,2,32,175.076,0.12862,101703,4.91965,4550
./test_file,0,2,32,176.076,0.129547,104816,4.93675,4571
./test_file,0,2,32,177.077,0.130302,104066,4.94224,4594
./test_file,0,2,32,178.077,0.129059,104069,4.91054,4518
./test_file,0,2,32,179.078,0.127987,103204,4.89845,4532
./test_file,0,2,32,180.078,0.129978,104383,4.94456,4567
./test_file,0,2,32,181.078,0.130146,103764,4.93246,4553
./test_file,0,2,32,182.079,0.129337,102695,4.93118,4640
./test_file,0,2,32,183.079,0.129459,103048,4.9291,4583
./test_file,0,2,32,184.08,0.129383,103230,4.93409,4570
./test_file,0,2,32,185.08,0.129742,104812,4.92722,4642
./test_file,0,2,32,186.081,0.129162,103889,4.92982,4526
./test_file,0,2,32,187.081,0.129471,105399,4.93472,4525
./test_file,0,2,32,188.082,0.128464,104300,4.9168,4542
./test_file,0,2,32,189.082,0.131802,103688,4.94356,4586
./test_file,0,2,32,190.083,0.129551,103204,4.93782,4586
./test_file,0,2,32,191.083,0.129902,104403,4.94752,4556
./test_file,0,2,32,192.083,0.1297,103206,4.92803,4546
./test_file,0,2,32,193.084,0.1292,103027,4.92765,4578
./test_file,0,2,32,194.084,0.12981,103243,4.937,4573
./test_file,0,2,32,195.085,0.130318,103460,4.93999,4598
./test_file,0,2,32,196.085,0.129398,18446744073699529736,4.94868,4600
./test_file,0,2,32,197.086,0.129963,104141,4.9433,4551
./test_file,0,2,32,198.086,0.128891,101560,4.92689,4619
./test_file,0,2,32,199.086,0.129124,18446744073698333742,4.92931,4552
./test_file,0,2,32,200.087,0.129372,104307,4.93597,4508
./test_file,0,2,32,201.087,0.12973,103114,4.9414,4633
./test_file,0,2,32,202.088,0.129597,103509,4.94463,4624
./test_file,0,2,32,203.088,0.129509,102121,4.93011,4584
./test_file,0,2,32,204.089,0.128887,101878,4.89569,4559
./test_file,0,2,32,205.089,0.127712,102932,4.8992,4539
./test_file,0,2,32,206.09,0.129002,101786,4.93095,4620
./test_file,0,2,32,207.09,0.1292,103217,4.9479,4562
./test_file,0,2,32,208.091,0.128407,193561,4.87978,4567
./test_file,0,2,32,209.091,0.129105,103874,4.9168,4614
